Фраза-доказательство,display_name (Находка),source_study (Где искать),synonyms (Синонимы в тексте),negative_contexts (Отрицания/Норма),required_attributes (Атрибуты),thresholds (Пороги),specialty (Специалист),potential_route (Возможный маршрут),target_sla_days (SLA дни),department (Подразделение),priority (Приоритет),emergency_flag (Экстренность)
"В просвете сосудов определяются единичные пристеночные кальцинированные АСБ, ""Данные за нестенозирующий атеросклероз""",Нестенозирующий атеросклероз артерий нижних конечностей,Дуплексное исследование артерий нижних конечностей,"нестенозирующий атеросклероз, ""пристеночные кальцинированные АСБ""","АСБ не определяются, ""патологии не выявлено""","наличие АСБ, процент стеноза",любой процент стеноза или наличие бляшек,Сердечно-сосудистый хирург,Плановая очная или онлайн-консультация специалиста для определения тактики,14,Координатор амбулаторного маршрута,4,FALSE
"Атеросклероз сосудов нижних конечностей АС бляшки, ""атеросклеротические бляшки, стенозирующие просветы до 55 %"", ""Комплекс ""интима- медиа"" (КИМ) повышенной эхогенности""",Стенозирующий атеросклероз артерий нижних конечностей (до 55%),Дуплексное сканирование артерий нижних конечностей,"повышенной эхогенности, ""атеросклеротические бляшки"", ""кальцинированные включения"", ""а/с бляшка с пристеночными кальцинатами"", ""Атеросклероз сосудов нижних конечностей АС бляшки"", ""КИМ повышенной эхогенности""","без стеноза, ""патологии не выявлено"", ""без гемодинамически значимых препятствий""","наличие АСБ, процент стеноза, состояние стенки, толщина КИМ","наличие любых АСБ, бляшек или изменений эхогенности стенки",Сердечно-сосудистый хирург,Консультация сосудистого хирурга для определения дальнейшей тактики,14,Координатор амбулаторного маршрута,4,FALSE
"БПВ на всем доступном протяжении проходима , расширена от средней трети до колена диаметром 5,2 мм, ""Варикозная трансформация хода левой БПВ.""",Варикозная трансформация большой подкожной вены (БПВ),УЗДС вен нижних конечностей,"расширена от средней трети до колена, ""Варикозная трансформация хода левой БПВ"", ""БПВ расширена"", ""Варикозная трансформация""","не расширена, ""патологии не выявлено"", ""без дополнительных эхоструктур""","локализация, диаметр (мм)",диаметр БПВ > 5 мм / наличие варикозной трансформации,Флеболог / Сердечно-сосудистый хирург,Консультация флеболога для определения тактики,14,Координатор амбулаторного маршрута,4,FALSE
"САФЕНО-ПОПЛИТЕАЛЬНОЕ СОУСТЬЕ расширено, несостоятельно, ""при проведении компрессионных проб-клапаны 2 порядка несостоятельные. Варикозная деформация притоков на голени"", ""Несостоятельность правого сафено-подколенного соустья (впадение МПВ в одну из суральных вен), стволовых клапанов правой МПВ, варикозная деформация притоков"", ""РЕКОМЕНДОВАНО: консультация флеболога""",Несостоятельность сафено-подколенного соустья,УЗДС вен нижних конечностей,"САФЕНО-ПОПЛИТЕАЛЬНОЕ СОУСТЬЕ расширено, несостоятельно, ""клапаны 2 порядка несостоятельные"", ""Варикозная деформация притоков"", ""Несостоятельность правого сафено-подколенного соустья"", ""несостоятельность стволовых клапанов"", ""РЕКОМЕНДОВАНО: консультация флеболога""","клапаны состоятельные, ""не расширено"", ""без признаков тромбоза"", ""признаков клапанной недостаточности не выявлено""","локализация, состоятельность клапанов, диаметр вен",наличие клапанной недостаточности / прямая рекомендация врача к флебологу,Флеболог / Сердечно-сосудистый хирург,"Консультация флеболога, решение вопроса об оперативном лечении",14,Координатор хирургического маршрута,3,FALSE
"Окклюзия левой ЗББА, ""достоверно не лоцируется, выраженный кальциноз (окклюзия"", ""Признаки гемодинамически значимого атеросклероза..."", ""Пролонгированный стеноз 40-45%""",Признаки гемодинамически значимого атеросклероза артерий нижних конечностей. Окклюзия левой ЗББА,УЗДГ артерий нижних конечностей,"Стеноз 25-30%, ""Пролонгированный стеноз"", ""Стенки артерий голени утолщены, уплотнены, кальцинированы"", ""с элементами турбулентности"", ""достоверно не лоцируется"", ""(окклюзия)"", ""Окклюзия левой ЗББА"", ""гемодинамически значимого атеросклероза""","проходимы, ""патологии не выявлено"", ""без стеноза""","локализация, наличие окклюзии, процент стеноза, характер кровотока",наличие окклюзии (100% стеноз) или любой значимый процент стеноза,Сердечно-сосудистый хирург,"Консультация сосудистого хирурга, решение вопроса об оперативном лечении",7,Координатор хирургического маршрута,2,FALSE
"БПВ -ствол расширен более 6мм с варикозными притоками более 4мм, ""Несостоятельность ствола БПВ слева с варикозной трансформацией притоков и ствола""",Несостоятельность ствола БПВ с варикозной трансформацией,Дуплексное исследование вен нижних конечностей,"БПВ -ствол расширен, ""с варикозными притоками"", ""Несостоятельность ствола БПВ"", ""с варикозной трансформацией""","БПВ не расширена, ""МПВ не расширена"", ""просвет анэхогенный, однородный"", ""данных за тромбоз не получено""","локализация, диаметр ствола (мм), наличие варикозных притоков",диаметр БПВ > 5-6 мм / несостоятельность ствола / варикозные притоки,Флеболог / Сердечно-сосудистый хирург,"Консультация флеболога, решение вопроса об оперативном лечении",14,Координатор хирургического маршрута,3,FALSE
"ОБА с обеих сторон проходима, со стенозами до 20%, ""ПБА с обеих сторон проходима, со стенозами до 30%"", ""Основной: I83.9, Варикозное расширение вен нижних конечностей"", ""Хроническое заболевание вен ног C1S"", ""Повторный осмотр через 1 неделю"", ""Прием (осмотр, консультация) врача-сердечно-сосудистого хирурга повторный""",Начальный атеросклероз артерий (стенозы до 30%). Хроническое заболевание вен (ХЗВ) С1 (установленный диагноз I83.9 с назначенной явкой),дуплексное сканирование артерий и вен нижних конечностей,"со стенозами до 20%, ""со стенозами до 30%"", ""I83.9"", ""Варикозное расширение вен"", ""Хроническое заболевание вен"", ""C1S"", ""врача-сердечно-сосудистого хирурга повторный"", ""Повторный осмотр""","стенозов нет, ""без патологии"", ""здоров""","процент стеноза артерий, наличие кода МКБ, стадия ХЗВ (CEAP), факт назначения повторного приема","наличие стенозов до 30%, установленного диагноза ХЗВ (I83.9) и рекомендации повторного приема сосудистого хирурга",Сердечно-сосудистый хирург,Контроль назначенной повторной явки сосудистого хирурга по результатам анализов крови,14,Координатор амбулаторного маршрута,4,FALSE
"Стенозы 30-35%, ""Стенки кальцинированы"", ""эшелонированные стенозы на 40-45%"", ""Стенозыдо 40%"", ""Стенки фрагментарно кальцинированы"", ""эшелонированные стенозы на 40-50%"", ""Кровоток магистрального измененного типа (без отрицательного компонента)"", ""кровоток больше обычного"", ""Эхографические признаки стенозирующего атеросклероза магистральных артерий обеих нижних конечностей"", ""Асимметрия кровотока в артериях голеней и в артериях тыла стопы (d<s), вероятно, обусловенная артериальной гиперемией (воспалительные изменения ПЖК левой стопы на момент осмотра)""",Стенозирующий атеросклероз (стенозы до 50%) с признаками воспаления ПЖК стопы,УЗДС артерий нижних конечностей,"Стенозы 30-35%, ""Стенки кальцинированы"", ""эшелонированные стенозы"", ""Стенозыдо 40%"", ""Стенки фрагментарно кальцинированы"", ""Кровоток магистрального измененного типа"", ""Эхографические признаки стенозирующего атеросклероза"", ""Асимметрия кровотока"", ""артериальной гиперемией"", ""воспалительные изменения ПЖК""","стенозов нет, ""патологии не выявлено"", ""без гемодинамически значимых препятствий"", ""без признаков воспаления"", ""симметричный кровоток""","локализация, процент стеноза, состояние стенки, характер кровотока, признаки воспаления ПЖК","наличие стенозов, кальциноза, изменения типа кровотока и/или воспалительных изменений ПЖК",Сердечно-сосудистый хирург,Консультация сердечно-сосудистого хирурга для лечения атеросклероза и оценки воспаления стопы (исключение ишемических осложнений),7,Координатор хирургического маршрута,2,FALSE
"АСБ до 15-20%, ""стенки с гиперэхогеными включениями"", ""КИМ на ОБА =1,2мм, структура его неоднородная"", ""КИМ на ОБА =1,1мм, структура его неоднородная"", ""УЗ признаки начальных проявлений стенозирующего атеросклероза артерий нижних конечностей"", ""Рекомендуется консультация специалиста""",Начальные проявления стенозирующего атеросклероза артерий нижних конечностей (АСБ до 20%),Дуплексное сканирование артерий нижних конечностей,"АСБ до 15-20%, ""стенки с гиперэхогеными включениями"", ""КИМ на ОБА =1,2мм"", ""КИМ на ОБА =1,1мм"", ""структура его неоднородная"", ""начальных проявлений стенозирующего атеросклероза"", ""Рекомендуется консультация специалиста""","АСБ не лоцируются, ""КИМ в норме"", ""патологии не выявлено""","локализация, процент стеноза, толщина и структура КИМ",наличие АСБ или утолщение/неоднородность КИМ,Сердечно-сосудистый хирург,Консультация сосудистого хирурга для определения тактики лечения,14,Координатор амбулаторного маршрута,4,FALSE
"Праровариально лоцируется анэхогенное однородное образование с четкими ровными контурами:12х11мм(киста), ""УЗ-признаки параовариальной кисты справа"", ""ORADS 2 справа"", ""Рекомендовано:консультация гинеколога""",Параовариальная киста яичника (ORADS 2),УЗИ органов малого таза,"параовариальной кисты, ""Праровариально лоцируется анэхогенное однородное образование"", ""киста"", ""ORADS 2"", ""Рекомендовано:консультация гинеколога""","дополнительных образований не визуализируется, ""патологии не выявлено""","наличие кисты, размер, категория ORADS, локализация",наличие кистозного образования яичника/параовариального пространства,Акушер-гинеколог,Консультация гинеколога для динамического наблюдения кисты,14,Координатор амбулаторного маршрута,4,FALSE
"диффузно-неоднородная за счет гиперэхогенных включений, по передней, задней стенками интерстициальные, интерстициально-субсерозные миоматозные узлы с ровными, неровными контурами разм до.55х45мм (по задней стенке), разм.28х24мм-по передней, ""неоднородная за счет анэхогенных, аваскулярных образований в том числе с неоднородным содержимым диам. до 9мм"", ""эхо-признаки многоузловой миомы матки на фоне диффузных изменений миометрия. ВМС"", ""Рекомендовано: консультация гинеколога, УЗ-контроль в динамике"", ""Вам необходимо обратиться на консультацию или осмотр к своему лечащему врачу""",Многоузловая миома матки. Наличие ВМС. Образования шейки матки,УЗИ органов малого таза (TV),"диффузно-неоднородная, ""гиперэхогенных включений"", ""миоматозные узлы"", ""многоузловой миомы матки"", ""диффузных изменений миометрия"", ""анэхогенных, аваскулярных образований"", ""ВМС"", ""консультация гинеколога"", ""УЗ-контроль в динамике"", ""обратиться на консультацию""","структура однородная, ""узловых образований не определяется"", ""без патологии""","размеры и локализация миоматозных узлов, наличие образований шейки матки, наличие ВМС","наличие миомы, кист шейки матки и прямая рекомендация посетить гинеколога",Акушер-гинеколог,"Консультация гинеколога для определения тактики лечения миомы, контроля ВМС и наблюдения в динамике",14,Координатор амбулаторного маршрута,4,FALSE
"Структура миометрия неоднородная за счет гетерогенных включений, ""Параметральные вены расширены до 7 мм"", ""ЗАКЛЮЧЕНИЕ: Внутренний эндометриоз"", ""Вам необходимо обратиться на консультацию или осмотр к своему лечащему врачу""",Внутренний эндометриоз. Расширение параметральных вен,УЗИ органов малого таза,"Структура миометрия неоднородная, ""гетерогенных включений"", ""Параметральные вены расширены"", ""до 7 мм"", ""Внутренний эндометриоз"", ""аденомиоз"", ""обратиться на консультацию""","структура однородная, ""без патологии"", ""вены не расширены""","структура миометрия, состояние параметральных вен","наличие признаков эндометриоза, расширение вен малого таза",Акушер-гинеколог,Консультация гинеколога для назначения терапии эндометриоза и ВРВМТ,14,Координатор амбулаторного маршрута,4,FALSE
"Миометрий: по структуре несколько диффузно неоднородный с участками повышенной и пониженной эхогенности, ""в сочетании с гиперэхогенными линейными включениями"", ""Рекомендована консультация гинеколога""",Диффузные изменения миометрия,УЗИ органов малого таза,"диффузно неоднородный, ""с участками повышенной и пониженной эхогенности"", ""гиперэхогенными линейными включениями"", ""Рекомендована консультация гинеколога""","структура однородная, ""без патологии""",структура миометрия,наличие неоднородности миометрия и прямой рекомендации посетить врача,Акушер-гинеколог,Консультация гинеколога по результатам УЗИ (изменения миометрия),14,Координатор амбулаторного маршрута,4,FALSE
"Структура миометрия неоднородной эхоструктуры диффузно, ""кисты эндоцервикса до 4 мм"", ""диффузных изменений миометрия (по типу аденомиоза)"", ""Рекомендовано: консультация гинеколога""",Аденомиоз (диффузные изменения миометрия). Кисты эндоцервикса,Ультразвуковое исследование органов малого таза,"неоднородной эхоструктуры диффузно, ""кисты эндоцервикса до 4 мм"", ""диффузных изменений миометрия (по типу аденомиоза)"", ""консультация гинеколога""","структура однородная, ""кист нет"", ""без патологии""","структура миометрия, наличие кист шейки матки","наличие признаков аденомиоза, кист эндоцервикса и прямой рекомендации посетить врача",Акушер-гинеколог,Консультация гинеколога для назначения терапии аденомиоза и наблюдения кист шейки матки,14,Координатор амбулаторного маршрута,4,FALSE
"диффузно неоднородный с округлыми участками повышенной и пониженной эхогенности, ""гипоэхогенное округлое образование"", ""интрамуральная миома малых размеров, FIGO 4"", ""участок повышенной эхогенности с гиперэхогенными включениями, 1.1*0.4*1.0 см, с локусами кровотока"", ""однокамерное аваскулярное округлое образование"", ""фолликулярная киста? O- RADS 1"", ""ретенционные кисты"", ""свободная жидкость со взвесью в размере 40мл"", ""диффузных изменений миометрия по типу аденомиоза"", ""нельзя исключить патологию эндометрия"", ""РЕКОМЕНДОВАНО: консультация гинеколога""","Сочетанная патология: Аденомиоз, миома матки, подозрение на патологию эндометрия, киста яичника",УЗИ органов малого таза (матки и придатков),"диффузно неоднородный, ""гипоэхогенное округлое образование"", ""интрамуральная миома"", ""FIGO 4"", ""патологию эндометрия"", ""однокамерное аваскулярное округлое образование"", ""фолликулярная киста"", ""O- RADS 1"", ""ретенционные кисты"", ""свободная жидкость со взвесью"", ""аденомиоза"", ""консультация гинеколога""","структура однородная, ""без патологии"", ""образований не выявлено"", ""жидкости нет""","размеры миомы, наличие подозрительных участков эндометрия, наличие кист и свободной жидкости","наличие сочетанной гинекологической патологии (миома, аденомиоз, кисты) и прямой рекомендации",Акушер-гинеколог,Консультация гинеколога для дообследования эндометрия и определения тактики лечения сочетанной патологии,14,Координатор амбулаторного маршрута,4,FALSE
"диффузно неоднородный с участками повышенной и пониженной эхогенности, ""гиперэхогенными линейными включениями"", ""по структуре неоднородный"", ""однокамерное округлое образование"", ""содержимое со взвесью"", ""по периферии локусы кровотока"", ""диффузных изменений миометрия по типу аденомиоза"", ""образования правого яичника с динамикой роста"", ""эндометриоидная киста? O- RADS 2"", ""РЕКОМЕНДОВАНО: МРТ ОМТ с ввк на 5-7 ДМЦ, консультация гинеколога""",Аденомиоз. Подозрение на патологию эндометрия. Эндометриоидная киста яичника с динамикой роста,УЗИ органов малого таза (матки и придатков),"диффузно неоднородный, ""аденомиоза"", ""однокамерное округлое образование"", ""содержимое со взвесью"", ""эндометриоидная киста"", ""O- RADS 2"", ""динамикой роста"", ""МРТ ОМТ с ввк"", ""консультация гинеколога""","структура однородная, ""без патологии"", ""образований не выявлено""","структура миометрия и эндометрия, наличие и динамика роста кисты яичника","наличие признаков аденомиоза, кисты с признаками роста и прямое направление на МРТ и к врачу",Акушер-гинеколог,Консультация гинеколога для назначения МРТ и определения тактики ведения кисты и аденомиоза,14,Координатор амбулаторного маршрута,4,FALSE
"неоднородный за счёт мелких , гиперэхогенных очагов , расположенных диффузно, ""Форма матки шаровидная"", ""Васкуляризация миометрия равномерно снижена"", ""М-эхо: 11,0 мм. неоднородное"", ""в средней трети гиперэхогенное образование 16х10мм с кровотоком"", ""анэхогенным , аваскулярным образованием 20х18мм"", ""ЭХО- признаик патологии эндометрия ( полип )"", ""аденомиоза ( диффузная форма )"", ""ретенционная киста , O-RADS 2"", ""косвенных признаков спаечног процесса вмалом тазу"", ""Показана консультация специалиста хирургического профиля""",Полип эндометрия. Аденомиоз. Ретенционная киста яичника (Показание к операции),УЗИ органов малого таза,"Васкуляризация миометрия равномерно снижена, ""гиперэхогенное образование"", ""с кровотоком"", ""патологии эндометрия ( полип )"", ""аденомиоза"", ""ретенционная киста"", ""O-RADS 2"", ""спаечног процесса"", ""консультация специалиста хирургического профиля""","структура однородная, ""патологических образований не выявлено"", ""васкуляризация не изменена"", ""без патологии""","структура эндометрия, наличие образований с кровотоком, структура и васкуляризация миометрия, наличие кисты","выявление полипа эндометрия, кисты яичника и прямая рекомендация консультации хирурга",Акушер-гинеколог,Консультация оперирующего гинеколога для планирования оперативного лечения (гистероскопии/полипэктомии),7,Координатор хирургического маршрута,2,FALSE
"Эхоструктура неоднородная, ""определяется анэхогенное аваскулярное образование 15 х 25 мм"", ""УЗ признаки кисты правого яичника , эндометриоза тела матки"", ""Основной: N80.0, Эндометриоз матки, Выявлен впервые, неуточнен""",Эндометриоз матки. Киста яичника (Впервые выявленный диагноз),УЗИ органов малого таза,"Эхоструктура неоднородная, ""анэхогенное аваскулярное образование"", ""кисты правого яичника"", ""эндометриоза тела матки"", ""N80.0"", ""Эндометриоз матки""","однородная, ""патологических образований не выявлено"", ""без патологии""","эхоструктура миометрия, наличие образования яичника, наличие кода МКБ",наличие кисты яичника и впервые установленного клинического диагноза эндометриоза (N80.0),Акушер-гинеколог,Консультация гинеколога по поводу установленного диагноза эндометриоза матки и наличия кисты,14,Координатор амбулаторного маршрута,4,FALSE
"Эхоструктура неоднородная, ""По правой стенке гипоэхогенный интерстициальный узел 26 х 38 мм , по левой стенке аналогичный узел 16 х 19 мм"", ""в срезе единичные фолликулы"", ""УЗ признаки миомы матки , снижения овариального резерва яичников"", ""Основной: D26.1, Другие доброкачественные новообразования тела матки, Выявлен впервые, неуточнен""",Миома матки. Снижение овариального резерва (Впервые выявленный диагноз),УЗИ органов малого таза,"гипоэхогенный интерстициальный узел, ""миомы матки"", ""снижения овариального резерва"", ""D26.1"", ""доброкачественные новообразования тела матки""","структура однородная, ""узловых образований не определяется"", ""без патологии""","наличие миоматозных узлов, состояние овариального резерва, наличие кода МКБ",выявление миоматозных узлов и впервые установленного диагноза миомы (D26.1),Акушер-гинеколог,Консультация гинеколога по поводу установленного диагноза миомы матки и оценки овариального резерва,14,Координатор амбулаторного маршрута,4,FALSE
"структура миометрия – неоднородная, диффузно, ""по передней стенке интерстициальные узлы 16х13 мм, 19х17 мм, в дне 27х24,0 мм, по задней стенке 20х16 мм, 16 мм, 10 мм"", ""Структура неоднородная. Контуры с мышечным слоем четкие"", ""ПОЛОСТЬ МАТКИ не расширена, деформирована узлами"", ""кисты до 2,0 мм"", ""анэхогенного включения до 34х24 мм"", ""Структура изменена"", ""Количество антральных фолликулов - менее 1 шт в срезе"", ""УЗ признаки Аденомиоза, миомы матки, кисты левого яичника, деформации полости матки, неоднородного эндометрия"", ""Рекомендовано: консультация гинеколога""",Множественная миома матки с деформацией полости. Аденомиоз. Киста яичника. Снижение овариального резерва,УЗИ ОРГАНОВ МАЛОГО ТАЗА ТРАНСВАГИНАЛЬНОЕ,"интерстициальные узлы, ""деформирована узлами"", ""Структура изменена"", ""менее 1 шт в срезе"", ""Аденомиоза, миомы матки"", ""кисты левого яичника"", ""деформации полости матки"", ""неоднородного эндометрия"", ""консультация гинеколога""","структура однородная, ""полость матки не деформирована"", ""без патологии""","наличие миоматозных узлов и деформации полости, структура эндометрия, наличие кисты, количество фолликулов","выявление миомы с деформацией полости матки, кисты яичника и снижения числа фолликулов",Акушер-гинеколог,Консультация оперирующего гинеколога для решения вопроса об оперативном лечении миомы и оценки кисты,7,Координатор хирургического маршрута,2,FALSE
"объем 14см3 (норма до 10см3) увеличен, ""неоднородная за счет округлых анэхогенных включений размером до 10мм, аваскулярных при ЦДК"", ""Свободная жидкость за маткой Визуализируется"", ""Кисты шейки матки"", ""Небольшой выпот в полости малого таза"", ""требует консультации клинического специалиста""",Кисты шейки матки. Увеличение объема яичника. Свободная жидкость в малом тазу,УЗИ органов малого таза,"объем 14см3 увеличен, ""анэхогенных включений размером до 10мм"", ""Свободная жидкость за маткой Визуализируется"", ""Кисты шейки матки"", ""выпот в полости малого таза"", ""требует консультации клинического специалиста""","шейка матки однородная, ""без патологии шейки"", ""свободная жидкость не визуализируется"", ""объем в пределах нормы""","наличие образований шейки матки, объем яичника, наличие свободной жидкости","выявление кист шейки матки, увеличения объема яичника, наличия выпота и прямой рекомендации консультации",Акушер-гинеколог,"Консультация гинеколога для планового осмотра, оценки объема яичника и выпота в малом тазу",14,Координатор амбулаторного маршрута,4,FALSE
"миометрий неоднородный, интрамурально-субсерозный узел 37*28 мм (5 тип), ""субсерозный узел 23*21 мм (6 тип)"", ""Эхографические признаки миомы матки"", ""Основной: D25.1, Интрамуральная лейомиома матки"", ""Повторный прием по результатам анализов""",Миома матки (установленный диагноз D25.1 с назначенной явкой),УЗИ органов малого таза,"интрамурально-субсерозный узел, ""субсерозный узел"", ""миомы матки"", ""D25.1"", ""Интрамуральная лейомиома матки"", ""Повторный прием""","узловых образований не определяется, ""без патологии""","наличие миоматозных узлов, код МКБ, факт назначения повторного приема",выявление миоматозных узлов и наличие кода МКБ D25.1,Акушер-гинеколог,Контроль назначенной повторной явки по результатам анализов,14,Координатор амбулаторного маршрута,4,FALSE
"не однородный, ""интрамурально (4 тип) изоэхогенное округлое образование размерами 12х9,5мм"", ""расширена, до 5 мм, анэхогенное содержимое"", ""Сонографически признаки опущение матки 4 степени"", ""Диффузные изменения миометрия, миомы матки малых размеров без признаков роста"", ""Серозометра"", ""Опущение матки 4 степени"", ""Показана консультация специалиста хирургического профиля""",Опущение матки 4 степени. Серозометра. Миома матки (Показание к операции),УЗИ органов малого таза,"не однородный, ""опущение матки 4 степени"", ""округлое образование"", ""расширена, до 5 мм"", ""анэхогенное содержимое"", ""миомы матки"", ""Серозометра"", ""консультация специалиста хирургического профиля""","структура однородная, ""полость не расширена"", ""без признаков опущения"", ""без патологии""","состояние миометрия, степень опущения матки, размеры миомы, наличие жидкости в полости матки","выявление пролапса матки 4 степени, неоднородности миометрия и прямая рекомендация консультации хирурга",Акушер-гинеколог,Консультация оперирующего гинеколога для планирования хирургического лечения пролапса (опущения) матки,7,Координатор хирургического маршрута,2,FALSE
"сниженной эхогенности, ""в толще единичные кисты Д 2-9,5мм со взвесью"", ""единичные кальцификаты"", ""диффузно- неоднородная за счет анэхогенных точечных включений пылевидно диффузно"", ""ЭНДОМЕТРИЙ: 2,7мм"", ""с полостью 15х11х10мм. с тонкой среднеэхогенной гиповаскулярной капсулой и среднеэхогенной гиперваскулярной пленчатой неполной перегородкой"", ""1-2 фолликулов в поле зрения"", ""ВЕНЫ МАЛОГО ТАЗА: незначительно извиты"", ""Ультразвуковые признаки мелких и крупных ретенционных (наботовых) кист шейки матки со взвесью (по типу хронического эндоцервицита)"", ""диффузной формы внутреннего эндометриоза тела матки"", ""тонкого линейного эндометрия , не соответствующего дню менструального цикла"", ""мелкой кисты правого яичника с неполной перегородкой (серозная киста?), O-RADS 2"", ""обедненного фолликулярного аппарата"", ""консультация гинеколога""",Внутренний эндометриоз. Тонкий эндометрий. Киста яичника. Кисты шейки матки. Снижение овариального резерва,УЛЬТРАЗВУКОВОГО ИССЛЕДОВАНИЯ ОРГАНОВ МАЛОГО ТАЗА,"сниженной эхогенности, ""единичные кальцификаты"", ""кисты Д 2-9,5мм"", ""анэхогенных точечных включений"", ""не соответствующего дню менструального цикла"", ""с полостью 15х11х10мм"", ""незначительно извиты"", ""ретенционных (наботовых) кист"", ""хронического эндоцервицита"", ""внутреннего эндометриоза"", ""серозная киста?"", ""O-RADS 2"", ""обедненного фолликулярного аппарата"", ""консультация гинеколога""","без патологии, ""структура однородная"", ""эндометрий соответствует фазе"", ""кист не выявлено"", ""вены не извиты""","структура миометрия и эндоцервикса, толщина эндометрия, наличие кист яичника и шейки, количество фолликулов, состояние вен малого таза",сочетанная гинекологическая патология и прямая рекомендация консультации гинеколога,Акушер-гинеколог,Консультация гинеколога для определения тактики лечения сочетанной патологии и коррекции цикла,14,Координатор амбулаторного маршрута,4,FALSE
"ДАТА ПОСЛЕДНЕЙ МЕНСТРУАЦИИ: прием ГЗТ, ""по передней стенке субсерозный миоматозный узел 20 мм"", ""Структура: афолликулярная"", ""Миома матки (без динамики от предыдущего узи)"", ""Афолликулярные яичники"", ""Варикозное расширение вен малого таза (до 8-9 мм)"", ""РЕКОМЕНДОВАНО: наблюдение гинеколога""",Миома матки (без динамики). Варикозное расширение вен малого таза,УЗИ ОРГАНОВ МАЛОГО ТАЗА (трансвагинально),"прием ГЗТ, ""субсерозный миоматозный узел"", ""афолликулярная"", ""без динамики"", ""Афолликулярные яичники"", ""Варикозное расширение вен малого таза"", ""наблюдение гинеколога""","без патологии, ""варикозного расширения нет"", ""яичники с фолликулами""","наличие миоматозного узла и его динамика, наличие ВРВМТ, статус яичников","выявление миомы матки (без роста), ВРВМТ и прямая рекомендация наблюдения гинеколога",Акушер-гинеколог,Консультация гинеколога для планового наблюдения миомы и терапии ВРВМТ на фоне ГЗТ,14,Координатор амбулаторного маршрута,4,FALSE
"интрамуральный миоматозный узел 16х16 мм, по задней стенке в средней трети лоцируется интрамуральный миоматозный узел 10х10 мм, ""М — эхо 12.2 мм эндометрий неоднородный"", ""в нижней трети лоцируется образование повышенной эхогенности с сосудистой ножкой"", ""в верхней трети образование повышенной эхогенности при ЦДК аваскулярное"", ""в одном срезе более 12 фолликулов"", ""Гиперплазия эндометрия, полипоз эндометрия, миома матки, мультифолликулярные яичники""",Полипоз и гиперплазия эндометрия. Миома матки. Мультифолликулярные яичники (Показание к операции),Протокол ультразвукового исследования органов малого таза.,"интрамуральный миоматозный узел, ""эндометрий неоднородный"", ""образование повышенной эхогенности с сосудистой ножкой"", ""более 12 фолликулов"", ""Гиперплазия эндометрия"", ""полипоз эндометрия"", ""мультифолликулярные яичники""","эндометрий однородный, ""образований в полости не выявлено"", ""без патологии""","толщина и структура эндометрия, наличие образований с сосудистой ножкой, количество фолликулов, наличие миомы","выявление полипов и гиперплазии эндометрия, миомы и мультифолликулярных яичников",Акушер-гинеколог,Консультация оперирующего гинеколога для планирования гистероскопии (удаления полипов/биопсии эндометрия),7,Координатор хирургического маршрута,2,FALSE
"Миометрий: неоднородной структуры, ""эхо-структура неоднородная за счет анэхогенных включений d=8мм; d= 5мм"", ""аденомиоза, эндоцервикоза"", ""Рекомендовано: консультация гинеколога""",Аденомиоз. Эндоцервикоз (кисты шейки матки),УЗИ органов малого таза (матки и придатков) транс,"неоднородной структуры, ""анэхогенных включений"", ""аденомиоза"", ""эндоцервикоза"", ""консультация гинеколога""","миометрий однородный, ""шейка матки без особенностей"", ""без патологии""","структура миометрия, структура шейки матки","наличие признаков аденомиоза, кист на шейке матки и прямой рекомендации посещения врача",Акушер-гинеколог,Консультация гинеколога для определения тактики ведения аденомиоза и эндоцервикоза,14,Координатор амбулаторного маршрута,4,FALSE
"Структура миометрия не однородная, ""интерстициального миоматозного узла по задней стенке матки, размерами 14,7 х 11,5 мм"", ""Правый яичник: Не визуализируется"", ""Левый яичник: Не визуализируется"", ""Заключение: Миома матки"", ""Рекомендации: консультация гинеколога""",Миома матки малых размеров,УЛЬТРАЗВУКОВОЕ ИССЛЕДОВАНИЕ ОРГАНОВ МАЛОГО ТАЗА,"интерстициального миоматозного узла, ""14,7 х 11,5 мм"", ""Правый яичник: Не визуализируется"", ""Левый яичник: Не визуализируется"", ""Миома матки"", ""консультация гинеколога""","структура однородная, ""без патологии""","размеры миоматозного узла, визуализация правого и левого яичника","наличие миомы матки, отсутствие визуализации яичников и прямая рекомендация врача",Акушер-гинеколог,Консультация гинеколога для планового наблюдения за миомой матки,14,Координатор амбулаторного маршрута,4,FALSE
"Структура миометрия не однородная, ""интрамурального узла с кальцинатами 10х9 мм"", ""Заключение: Миома матки в стадии кальциноза"", ""Рекомендации: консультация гинеколога""",Миома матки в стадии кальциноза,УЛЬТРАЗВУКОВОЕ ИССЛЕДОВАНИЕ ОРГАНОВ МАЛОГО ТАЗА,"узла с кальцинатами, ""кальциноза"", ""Миома матки"", ""консультация гинеколога""","структура однородная, ""кальцинатов нет"", ""без патологии""",размеры и структура узла (наличие кальцинатов),наличие миоматозного узла с признаками кальциноза и прямой рекомендации гинеколога,Акушер-гинеколог,Консультация гинеколога для динамического контроля миомы,14,Координатор амбулаторного маршрута,4,FALSE
"миоматозный узел тип 6 по FIGO -22*23 мм, ""М-эхо: 10,7 мм. неоднородное"", ""веретенообразное образование с перемычками ( расширение до 10 мм) - гидросальпингс?"", ""двусторонних фолликулярных кисты"", ""УЗИ картина правостороннего гидросальпингса"", ""УЗИ картина миомы матки тип 5 по FIGO"", ""Железисто- фиброзный полип эндометрия"", ""Состояние после гистерорезектоскопии, удаления ВМК"", ""Основной: D25.1"", ""Интрамуральная лейомиома матки"", ""УЗИ контроль""","Комплексная патология: Миома, гидросальпинкс, кисты яичников. Состояние после операции.",УЗИ органов малого таза,"миоматозный узел, ""тип 5 по FIGO"", ""неоднородное"", ""веретенообразное образование"", ""правостороннего гидросальпингса"", ""фолликулярных кисты"", ""Железисто- фиброзный полип"", ""гистерорезектоскопии"", ""D25.1"", ""Интрамуральная лейомиома матки""","без патологии, ""образований не выявлено""","тип миомы по FIGO, структура эндометрия, наличие гидросальпинкса и кист, код МКБ","выявление комплексной патологии (миома, гидросальпинкс, кисты) и необходимость контроля",Акушер-гинеколог,Контрольная консультация гинеколога после гистерорезектоскопии и для наблюдения сочетанной патологии,14,Координатор амбулаторного маршрута,4,FALSE
"Структура миометрия не однородная, ""интерстициальных(по FIGO 4) миоматозных узлов по задней стенке матки, размерами 16х12х8мм и 12х7мм"", ""Заключение: Миома матки"", ""Рекомендации: консультация гинеколога""",Миома матки,УЗИ ОРГАНОВ МАЛОГО ТАЗА,"интерстициальных, ""по FIGO 4"", ""миоматозных узлов"", ""Миома матки"", ""консультация гинеколога""","структура однородная, ""без патологии""",наличие и тип миоматозных узлов по FIGO,наличие миомы матки и рекомендация врача,Акушер-гинеколог,Консультация гинеколога для планового наблюдения миомы,14,Координатор амбулаторного маршрута,4,FALSE
"Толщина эндометрия: 12 мм, ""Эндометрий деформирован образованием овоидной формы средним диаметром 7х10 мм, четко отграниченным от окружающих тканей, повышенной эхогенности"", ""Цервикальный канал расширен до 6 мм за счет гиперэхогенного образования размерами 6х11 мм с ровными, четкими контурами. При ЦДК-активный кровоток"", ""УЗ-признаки полипа эндометрия, полипа шейки матки?""",Подозрение на полип эндометрия и полип шейки матки (Показание к операции),УЛЬТРАЗВУКОВОЕ ИССЛЕДОВАНИЕ ОРГАНОВ МАЛОГО ТАЗА,"образованием овоидной формы, ""повышенной эхогенности"", ""Цервикальный канал расширен"", ""гиперэхогенного образования"", ""При ЦДК-активный кровоток"", ""полипа эндометрия"", ""полипа шейки матки""","эндометрий однородный, ""цервикальный канал сомкнут"", ""без патологии""","толщина эндометрия, наличие образований в полости матки и цервикальном канале, наличие кровотока в образовании",выявление полипов эндометрия и шейки матки с активным кровотоком,Акушер-гинеколог,"Консультация оперирующего гинеколога для планирования хирургического лечения (гистероскопия, полипэктомия)",7,Координатор хирургического маршрута,2,FALSE
"граница эндометрия с миометрием размыта, ""Шейка матки неоднородная, с анэхогенными образованиями размерами до 10мм"", ""с фолликулами разного диаметра- в одном срезе до 4 фолликулов"", ""с фолликулами разного диаметра, в одном срезе до 5 фолликулов"", ""ЗАКЛЮЧЕНИЕ: Эхопризнаки аденомиоза, единичных кист шейки матки, снижения овариального резерва""",Аденомиоз. Кисты шейки матки. Снижение овариального резерва,УЛЬТРАЗВУКОВОЕ ИССЛЕДОВАНИЕ ОРГАНОВ МАЛОГО ТАЗА,"граница эндометрия с миометрием размыта, ""с анэхогенными образованиями размерами до 10мм"", ""в одном срезе до 4 фолликулов"", ""аденомиоза"", ""кист шейки матки"", ""снижения овариального резерва""","граница четкая, ""шейка матки однородная"", ""без патологии""","четкость границы эндометрия и миометрия, наличие кист шейки матки, количество фолликулов","наличие признаков аденомиоза, кист на шейке матки и снижения овариального резерва",Акушер-гинеколог,Консультация гинеколога для определения тактики ведения аденомиоза и оценки овариального резерва,14,Координатор амбулаторного маршрута,4,FALSE
"мажущие кровянистые выделения, ""форма - седловидная"", ""Структура миометрия -диффузно - неоднородная"", ""М - ЭХО - 14.0 мм , неоднородной эхоструктуры"", ""с анэхогенными мелкими включениями и участками повышенной эхогенности"", ""по задней стенке лоцируется единичный локус кровотока"", ""несоответствия толщины эндометрия дню цикла"", ""диффузных изменений миометрия"", ""Рекомендовано: консультация и наблюдение гинеколога""",Подозрение на патологию эндометрия (полип/гиперплазия). Аденомиоз. Седловидная матка (Показание к операции),УЛЬТРАЗВУКОВОЕ ИССЛЕДОВАНИЕ ОРГАНОВ МАЛОГО ТАЗА,"кровянистые выделения, ""седловидная"", ""диффузно - неоднородная"", ""неоднородной эхоструктуры"", ""с анэхогенными мелкими включениями"", ""участками повышенной эхогенности"", ""единичный локус кровотока"", ""несоответствия толщины эндометрия"", ""диффузных изменений миометрия""","эндометрий однородный, ""кровотока в эндометрии нет"", ""структура однородная"", ""без патологии""","толщина и структура эндометрия, наличие кровотока в эндометрии, структура миометрия, форма матки, наличие клинических жалоб",выявление неоднородного утолщенного эндометрия с локусом кровотока и включениями на фоне мажущих выделений (подозрение на полип),Акушер-гинеколог,Консультация оперирующего гинеколога для решения вопроса о проведении гистероскопии/РДВ,7,Координатор хирургического маршрута,2,FALSE
"сокращен, через 2 часа после приема пищи сохраняется сокращение жп, ""желудок заполнен содержимым -гастростаз?"", ""УЗ-признаки дискинезии желчного пузыря по гипомоторному типу"", ""Рекомендована консультация гастроэнтеролога, узи ОБП на голодный желудок""",Дискинезия желчного пузыря. Подозрение на гастростаз,Протокол ультразвукового исследования органов брюшной полости,"сокращен, ""после приема пищи сохраняется сокращение"", ""гастростаз?"", ""дискинезии желчного пузыря"", ""гипомоторному типу"", ""узи ОБП на голодный желудок"", ""консультация гастроэнтеролога""","желчный пузырь обычной формы, ""сократительная функция в норме"", ""желудок пуст""","форма и сократимость желчного пузыря, наличие содержимого в желудке","выявление нарушения моторики желчного пузыря и желудка, прямая рекомендация врача",Гастроэнтеролог,Консультация гастроэнтеролога и повторное УЗИ ОБП строго натощак для исключения гастростаза,14,Координатор амбулаторного маршрута,4,FALSE
"увеличены КВР правая доля- 158мм, ""Эхогенность: повышена"", ""изгиб в области шейки"", ""Эхогенность:повышена"", ""эхо-признаки диффузных изменений паренхимы печени, поджелудочной железы (по типу жировой инфильтрации)"", ""изгиба стенок желчного пузыря без признаков застоя"", ""Рекомендовано: консультация гастроэнтеролога""",Жировой гепатоз (стеатоз печени и поджелудочной железы). Изгиб желчного пузыря,УЛЬТРАЗВУКОВОЕ ИССЛЕДОВАНИЕ ОРГАНОВ ГЕПАТОБИЛИАРНОЙ ЗОНЫ,"увеличены КВР, ""Эхогенность: повышена"", ""изгиб в области шейки"", ""жировой инфильтрации"", ""диффузных изменений"", ""консультация гастроэнтеролога""","размеры не увеличены, ""эхогенность не изменена"", ""без патологии""","размеры и эхогенность печени, эхогенность поджелудочной железы, форма желчного пузыря",выявление УЗ-признаков жировой инфильтрации органов гепатобилиарной зоны,Гастроэнтеролог,"Консультация гастроэнтеролога для коррекции диеты, лечения стеатоза печени и поджелудочной железы",14,Координатор амбулаторного маршрута,4,FALSE